29815599,Senior Developer with experience in C++ and .NET/C#,Alten Sverige AB,2025-07-07 06:03:17
29814202,Full Stack Engineer,Enabi Solutions AB,2025-07-04 12:48:15
29813796,IT-konsult,Hiq Göteborg AB,2025-07-04 11:55:15
29813046,Scrum Master with Knowledge in Automotion,Friday,2025-07-04 09:21:37
29812989,Senior Fullstackutvecklare - sökes till Accelerate at Iver i Göteborg,Iver,2025-07-04 09:15:29
29812654,Systemutvecklare webb,TechServices IT,2025-07-04 08:30:20
29811643,Senior forskning- och mjukvaruutvecklare,AB Cleaneo,2025-07-03 23:59:25
29806515,DevOps – med fokus på automation, pipelines och infrastruktur,Knowit Sweden,2025-07-02 09:04:37
29747847,Testers for opportunities @ Sebratec,Sebratec Gothenburg,2025-06-30 22:00:00
29747863,Sebratec looking for System Engineers,Sebratec Gothenburg,2025-06-30 22:00:00
29815599,Senior Developer with experience in C++ and .NET/C#,Alten Sverige AB,2025-07-07 06:03:17
29815599,Senior Developer with experience in C++ and .NET/C#,Alten Sverige AB,2025-07-07 06:03:17
29815599,Senior Developer with experience in C++ and .NET/C#,Alten Sverige AB,2025-07-07 06:03:17
29815599,Senior Developer with experience in C++ and .NET/C#,Alten Sverige AB,2025-07-07 06:03:17
29815599,Senior Developer with experience in C++ and .NET/C#,Alten Sverige AB,2025-07-07 06:03:17
29815599,Senior Developer with experience in C++ and .NET/C#,Alten Sverige AB,2025-07-07 06:03:17
29815599,Senior Developer with experience in C++ and .NET/C#,Alten Sverige AB,2025-07-07 06:03:17
